n_simulations	num_molecules	G0	overall_avg_years_to_zero	overall_std_years_to_zero	overall_avg_energy
1000	10000	1	19456.62354551677	5320.235232091229	3.825411359568375
1000	10000	47000	16918.081373032168	4510.128732757503	3.8200586286525566
