n_simulations	num_molecules	G0	overall_avg_years_to_zero	overall_std_years_to_zero	overall_avg_lifetime	overall_avg_energy
1000	10000	1	43.465229295003425	5.911783403600224	22.43463381245722	3.9729471355400907
1000	10000	2600	0.8324298425735798	0.13026031071948826	0.44969199178644764	6.669658270736114
1000	10000	47000	0.8298316221765912	0.13058511572477877	0.34976043805612594	6.655454075950121
1000	10000	300000	0.8260342231348391	0.12550241470020818	0.44969199178644764	6.6587637405673705
1000	10000	300000	0.8272334017796029	0.12870299602718616	0.34976043805612594	6.664279827768482
